Step ID,Step,Owner,Budget (min),Expected / verify,Irreversible,Parallel,Status,Assignee,Start UTC,End UTC,Verified by (2nd eyes),Evidence link,Deviation / notes
P1-S01,"dr_mark T0 --at <first DB connection error, UTC>; dr_mark T1; dr_phase start prepare 3. Post [Investigating] in the internal channel (exercise: the drill broadcast C)",SRE,1,Markers written; message posted,,,Not started,,,,,,
P1-S02,Choose the snapshot: ./automation/scripts/dr-restore.sh list-snapshots $PRIMARY_DB. Take the newest automated snapshot unless told otherwise: export SNAPSHOT_ID=<id>,SRE,1,SNAPSHOT_ID set; its create time = RPO reference,,,Not started,,,,,,
P1-G1,GO (SRE on-call + QA lead): accept the loss of UAT data after the snapshot time. dr_mark T2; dr_phase end prepare 3,SRE on-call,1,DECISION: posted,,,Not started,,,,,,
P2-S01,"dr_phase start restore 12 · ./automation/scripts/dr-restore.sh snapshot ""$SNAPSHOT_ID"" ""$RESTORED_DB"". The script copies all security groups, the parameter group, subnet group and class from $OLD_DB (or the profile), prints them, and records T4 + RPO_SNAPSHOT",SRE,1,Table shows creating; printed sgs=[…] lists every SG of the old instance,,,Not started,,,,,,
P2-S02,"While it restores: CP-01 S01–S03: ./automation/scripts/dr-eks-rollout.sh inventory (lists every workload using $K8S_SECRET), suspend rotation, ./automation/scripts/dr-eks-rollout.sh suspend-cronjobs",SRE,3,Inventory saved; all consumers reloader=YES (else note them for manual restart),,Y,Not started,,,,,,
CP01-S01,"Inventory consumers: ./automation/scripts/dr-eks-rollout.sh inventory lists every workload that mounts/env-refs $K8S_SECRET, with or without a Reloader annotation",Executor,1,"No unannotated consumers, or the list is noted for manual restart",,,Not started,,,,,,
CP01-S02,Suspend secret rotation (a rotation run would race with the cutover): aws secretsmanager cancel-rotate-secret --secret-id $SECRET_ID (only if RotationEnabled=true; record this so rotation is re-enabled in CP-03),Executor,1,RotationEnabled=false,,,Not started,,,,,,
CP01-S03,Suspend CronJobs that use the DB: ./automation/scripts/dr-eks-rollout.sh suspend-cronjobs,Executor,1,Listed CronJobs suspend=true,,,Not started,,,,,,
CP01-S04,"Pre-verify credentials on TARGET_DB *before* switching: ./automation/scripts/dr-secret-cutover.sh precheck. ⚠ S3/S4 trap: a restored DB holds passwords as of the restore point. If the app password was rotated since then, the current secret password fails. The script reports this, and fix-password resets the role password on TARGET_DB to the current secret value (needs the master credentials)",DBA,3,"login OK as $APP_DB_USER on TARGET_DB, pg_is_in_recovery=f",,,Not started,,,,,,
CP01-G1,"Cutover gate (PROD: G3 of the parent runbook): TARGET_DB verified, the old instance is fenced or agreed not to be, and comms are ready. DECISION: CUTOVER GO",IC,1,Decision recorded,,,Not started,,,,,,
CP01-S05,"Update the secret: ./automation/scripts/dr-secret-cutover.sh apply. It saves the previous VersionId and host (never the password) into evidence, sets host, port, dbInstanceIdentifier (if present), calls put-secret-value, then dr_mark T6",Executor (+2nd eyes in PROD),1,New VersionId is AWSCURRENT; old is AWSPREVIOUS,,,Not started,,,,,,
CP01-S06,Force ESO sync (do not wait up to refreshInterval): run by the script: kubectl annotate externalsecret $K8S_SECRET force-sync=$(date +%s) --overwrite,Executor,1,"ExternalSecret Ready=True, refreshTime after T6; K8s Secret DB_HOST = new endpoint",,,Not started,,,,,,
CP01-S07,"Wait for the Reloader rollouts: ./automation/scripts/dr-eks-rollout.sh wait (waits on rollout status for every annotated consumer, in restart-order). Fallback if Reloader is down or not annotated: ./automation/scripts/dr-eks-rollout.sh restart. Then dr_mark T7",Executor,5,All successfully rolled out; 0 pods older than T6 among consumers,,,Not started,,,,,,
CP01-S08,"Read-only secret (UAT/PROD, if SECRET_ID_RO is used by read paths that pointed at the replica, which is gone, stale or now primary): SECRET_ID=$SECRET_ID_RO ./automation/scripts/dr-secret-cutover.sh apply (temporarily points reads at TARGET_DB). Restore a proper replica in the FB runbook",Executor,3,Reader pods rolled; no connections to the old replica,,,Not started,,,,,,
CP01-S09,"Restart unannotated consumers from S01, delete/re-run in-flight Jobs, and resume CronJobs *after* CP-02 passes: ./automation/scripts/dr-eks-rollout.sh resume-cronjobs",Executor,3,Done,,,Not started,,,,,,
P2-S03,"Wait until available (do not continue before): ./automation/scripts/dr-restore.sh wait ""$RESTORED_DB"". It prints the status and elapsed time every 30 s and records T5 when available. Then dr_phase end restore 12",SRE,~10,available,,,Not started,,,,,,
P2-S04,"dr_phase start harden 4 · dr_set_target ""$RESTORED_DB"" · ./automation/scripts/dr-restore.sh harden ""$RESTORED_DB"": sets backup retention (7 d), deletion protection, waits, then prints the parity diff vs $OLD_DB",SRE,2,"retention: 7, all SGs present, parity diff empty except expected rows",,,Not started,,,,,,
P2-S05,"DB verification (core only): ./automation/scripts/dr-secret-cutover.sh precheck (app login works) · dr_run db-post psql ""$TARGET_DSN"" -f automation/sql/20-postfailover-verify.sql · dr_run counts ./automation/scripts/dr-verify.sh compare-counts (tables from VERIFY_TABLES) · dr_phase end harden 4",SRE / Backend,2,Login OK · all OK · counts present,,,Not started,,,,,,
P3-S01,dr_phase start cutover 5 · CP-04: the old instance is already stopped/unreachable in an exercise. In a real event: ./automation/scripts/dr-fence-instance.sh readonly $OLD_DB,SRE,1,"Fenced, or noted ""stopped""",,,Not started,,,,,,
CP04-S01,"Snapshot the old instance before any destructive action, if it is reachable: aws rds create-db-snapshot --db-instance-identifier $OLD_DB --db-snapshot-identifier ${OLD_DB}-pre-fence-$(date -u +%Y%m%d%H%M) (can run ‖ with the fence)",DBA,1,Snapshot creating,,,Not started,,,,,,
CP04-S02,"Apply the fence level chosen in the table above; the script saves the before-state (SG IDs, parameter values) into evidence",Executor,2,fence: OK level=Fx,,,Not started,,,,,,
CP04-S03,Verify: ./automation/scripts/dr-verify.sh connections shows 0 app sessions on OLD_DB (F1/F2),DBA,1,0,,,Not started,,,,,,
CP04-S04,"Record the fence state and any waiver in the timeline: dr_mark FENCE ""level=F2 waiver=none""",Scribe,—,Recorded (input to reconciliation),,,Not started,,,,,,
P3-S02,"Cutover: ./automation/scripts/dr-secret-cutover.sh apply. It updates $SECRET_ID host → ESO force-sync → checks $K8S_HOST_KEY in the K8s Secret → waits for Reloader to restart every consumer (manual restart fallback) → T6, T7. If SECRET_ID_RO is used: SECRET_ID=$SECRET_ID_RO ./automation/scripts/dr-secret-cutover.sh apply",SRE,4,CUTOVER DONE; every consumer rolled out,,,Not started,,,,,,
P3-S03,./automation/scripts/dr-eks-rollout.sh resume-cronjobs · dr_phase end cutover 5,SRE,—,CronJobs resumed,,,Not started,,,,,,
P4-S01,"dr_phase start app-verify 5 · ./automation/scripts/dr-verify.sh connections (app sessions on the new DB, 0 on the old)",SRE,1,As expected,,,Not started,,,,,,
P4-S02,E2E check per the E2E validation playbook: dashboard reachable + one successful test transaction. No extra checks (e.g. user-login verification) unless the playbook lists them,Backend,3,Transaction ID recorded. dr_mark T9 at success,,,Not started,,,,,,
P4-G4,Declare restored: dr_mark T10 · dr_phase end app-verify 5 · dr_summary (post it) · [Services Restored] message,SRE on-call,1,RTO = T9 − T0 shown,,,Not started,,,,,,
P5-S01,"./automation/scripts/dr-collect-evidence.sh (timeline, phase times, CloudTrail, RDS events, secret version metadata, rollouts, SQL outputs, KPI report, SHA-256 manifest). All outputs carry UTC timestamps",SRE,1,EVIDENCE: … sha256=… posted,,,Not started,,,,,,
P5-S02,Real event: raise RB-UAT-FB-S3S4. Exercise: run §Exercise failback,SRE,—,Done,,,Not started,,,,,,
